"filename", "language", "Python", "JavaScript", "Markdown", "JSON", "PostCSS", "HTML", "PowerShell", "comment", "blank", "total"
"d:\code\AI\J-Agents\workflow_code\scripts\README.md", "Markdown", 0, 0, 35, 0, 0, 0, 0, 0, 5, 40
"d:\code\AI\J-Agents\workflow_code\scripts\acceptance\README.md", "Markdown", 0, 0, 25, 0, 0, 0, 0, 0, 8, 33
"d:\code\AI\J-Agents\workflow_code\scripts\acceptance\agent_release_review_acceptance_support.py", "Python", 456, 0, 0, 0, 0, 0, 0, 9, 52, 517
"d:\code\AI\J-Agents\workflow_code\scripts\acceptance\assignment_artifact_root_probe.py", "Python", 359, 0, 0, 0, 0, 0, 0, 1, 40, 400
"d:\code\AI\J-Agents\workflow_code\scripts\acceptance\assignment_delete_bridge_probe.py", "Python", 413, 0, 0, 0, 0, 0, 0, 14, 40, 467
"d:\code\AI\J-Agents\workflow_code\scripts\acceptance\assignment_test_data_toggle_probe.py", "Python", 572, 0, 0, 0, 0, 0, 0, 6, 52, 630
"d:\code\AI\J-Agents\workflow_code\scripts\acceptance\check_web_client_bundle_syntax.js", "JavaScript", 0, 41, 0, 0, 0, 0, 0, 0, 8, 49
"d:\code\AI\J-Agents\workflow_code\scripts\acceptance\policy_cache_seed.py", "Python", 149, 0, 0, 0, 0, 0, 0, 23, 10, 182
"d:\code\AI\J-Agents\workflow_code\scripts\acceptance\prune_evidence_keep_gate_only.py", "Python", 162, 0, 0, 0, 0, 0, 0, 1, 33, 196
"d:\code\AI\J-Agents\workflow_code\scripts\acceptance\run_acceptance_agent_call_monitoring.py", "Python", 280, 0, 0, 0, 0, 0, 0, 4, 32, 316
"d:\code\AI\J-Agents\workflow_code\scripts\acceptance\run_acceptance_agent_release_ar.py", "Python", 592, 0, 0, 0, 0, 0, 0, 1, 80, 673
"d:\code\AI\J-Agents\workflow_code\scripts\acceptance\run_acceptance_agent_release_review_ar09_ar15.py", "Python", 811, 0, 0, 0, 0, 0, 0, 9, 74, 894
"d:\code\AI\J-Agents\workflow_code\scripts\acceptance\run_acceptance_assignment_center_browser.py", "Python", 500, 0, 0, 0, 0, 0, 0, 1, 53, 554
"d:\code\AI\J-Agents\workflow_code\scripts\acceptance\run_acceptance_assignment_real_execution.py", "Python", 733, 0, 0, 0, 0, 0, 0, 1, 71, 805
"d:\code\AI\J-Agents\workflow_code\scripts\acceptance\run_acceptance_chat_task_recovery_smoke.js", "JavaScript", 0, 434, 0, 0, 0, 0, 0, 0, 33, 467
"d:\code\AI\J-Agents\workflow_code\scripts\acceptance\run_acceptance_defect_center_browser.py", "Python", 853, 0, 0, 0, 0, 0, 0, 1, 95, 949
"d:\code\AI\J-Agents\workflow_code\scripts\acceptance\run_acceptance_defect_priority_truth_and_idempotency.py", "Python", 762, 0, 0, 0, 0, 0, 0, 14, 81, 857
"d:\code\AI\J-Agents\workflow_code\scripts\acceptance\run_acceptance_defect_task_naming_and_global_graph_check.py", "Python", 441, 0, 0, 0, 0, 0, 0, 1, 53, 495
"d:\code\AI\J-Agents\workflow_code\scripts\acceptance\run_acceptance_message_delete_ac28_ac30.py", "Python", 511, 0, 0, 0, 0, 0, 0, 9, 31, 551
"d:\code\AI\J-Agents\workflow_code\scripts\acceptance\run_acceptance_policy_cache_ac31_ac35.py", "Python", 647, 0, 0, 0, 0, 0, 0, 13, 50, 710
"d:\code\AI\J-Agents\workflow_code\scripts\acceptance\run_acceptance_policy_ui_ac36_ac43.py", "Python", 743, 0, 0, 0, 0, 0, 0, 11, 50, 804
"d:\code\AI\J-Agents\workflow_code\scripts\acceptance\run_acceptance_role_creation_async_delete.py", "Python", 875, 0, 0, 0, 0, 0, 0, 1, 60, 936
"d:\code\AI\J-Agents\workflow_code\scripts\acceptance\run_acceptance_role_creation_browser.py", "Python", 1566, 0, 0, 0, 0, 0, 0, 1, 94, 1661
"d:\code\AI\J-Agents\workflow_code\scripts\acceptance\run_acceptance_role_portrait_prototype_browser.py", "Python", 565, 0, 0, 0, 0, 0, 0, 1, 48, 614
"d:\code\AI\J-Agents\workflow_code\scripts\acceptance\run_acceptance_runtime_release_gate.py", "Python", 268, 0, 0, 0, 0, 0, 0, 1, 32, 301
"d:\code\AI\J-Agents\workflow_code\scripts\acceptance\run_acceptance_schedule_center_browser.py", "Python", 929, 0, 0, 0, 0, 0, 0, 1, 112, 1042
"d:\code\AI\J-Agents\workflow_code\scripts\acceptance\run_acceptance_session_parallel_ac16_ac22.py", "Python", 474, 0, 0, 0, 0, 0, 0, 7, 59, 540
"d:\code\AI\J-Agents\workflow_code\scripts\acceptance\run_acceptance_task_execute_runtime_copy_smoke.py", "Python", 270, 0, 0, 0, 0, 0, 0, 1, 26, 297
"d:\code\AI\J-Agents\workflow_code\scripts\acceptance\run_acceptance_test_data_toggle_td.py", "Python", 779, 0, 0, 0, 0, 0, 0, 18, 73, 870
"d:\code\AI\J-Agents\workflow_code\scripts\acceptance\run_acceptance_training_center_uo.py", "Python", 647, 0, 0, 0, 0, 0, 0, 2, 76, 725
"d:\code\AI\J-Agents\workflow_code\scripts\acceptance\run_acceptance_training_executor_uo.py", "Python", 273, 0, 0, 0, 0, 0, 0, 8, 37, 318
"d:\code\AI\J-Agents\workflow_code\scripts\acceptance\run_acceptance_training_loop_capability_binding.py", "Python", 381, 0, 0, 0, 0, 0, 0, 1, 50, 432
"d:\code\AI\J-Agents\workflow_code\scripts\acceptance\run_acceptance_training_loop_evolution.py", "Python", 337, 0, 0, 0, 0, 0, 0, 1, 42, 380
"d:\code\AI\J-Agents\workflow_code\scripts\acceptance\run_acceptance_workflow_chain_ac23_ac26.py", "Python", 639, 0, 0, 0, 0, 0, 0, 49, 42, 730
"d:\code\AI\J-Agents\workflow_code\scripts\acceptance\run_acceptance_workflow_gate.py", "Python", 1032, 0, 0, 0, 0, 0, 0, 4, 49, 1085
"d:\code\AI\J-Agents\workflow_code\scripts\assets\workflow_startup_splash.html", "HTML", 0, 0, 0, 0, 0, 412, 0, 0, 49, 461
"d:\code\AI\J-Agents\workflow_code\scripts\bin\agent_runtime.py", "Python", 8, 0, 0, 0, 0, 0, 0, 1, 7, 16
"d:\code\AI\J-Agents\workflow_code\scripts\bin\manage_developer_workspace.py", "Python", 10, 0, 0, 0, 0, 0, 0, 1, 6, 17
"d:\code\AI\J-Agents\workflow_code\scripts\bin\task_agent_runner.py", "Python", 11, 0, 0, 0, 0, 0, 0, 1, 10, 22
"d:\code\AI\J-Agents\workflow_code\scripts\bin\training_center_runtime.py", "Python", 8, 0, 0, 0, 0, 0, 0, 1, 7, 16
"d:\code\AI\J-Agents\workflow_code\scripts\bin\workflow_entry_cli.py", "Python", 11, 0, 0, 0, 0, 0, 0, 1, 10, 22
"d:\code\AI\J-Agents\workflow_code\scripts\bin\workflow_history_admin.py", "Python", 8, 0, 0, 0, 0, 0, 0, 1, 7, 16
"d:\code\AI\J-Agents\workflow_code\scripts\bin\workflow_web_server.py", "Python", 11, 0, 0, 0, 0, 0, 0, 1, 8, 20
"d:\code\AI\J-Agents\workflow_code\scripts\deploy_workflow_env.ps1", "PowerShell", 0, 0, 0, 0, 0, 0, 339, 0, 34, 373
"d:\code\AI\J-Agents\workflow_code\scripts\dev\launch_workflow.ps1", "PowerShell", 0, 0, 0, 0, 0, 0, 106, 0, 11, 117
"d:\code\AI\J-Agents\workflow_code\scripts\dev\start_workflow_web.ps1", "PowerShell", 0, 0, 0, 0, 0, 0, 9, 0, 2, 11
"d:\code\AI\J-Agents\workflow_code\scripts\dev\workflow_web_client.js", "JavaScript", 0, 3, 0, 0, 0, 0, 0, 3, 2, 8
"d:\code\AI\J-Agents\workflow_code\scripts\launch_workflow.ps1", "PowerShell", 0, 0, 0, 0, 0, 0, 117, 0, 12, 129
"d:\code\AI\J-Agents\workflow_code\scripts\manage_codex_memory.py", "Python", 241, 0, 0, 0, 0, 0, 0, 0, 65, 306
"d:\code\AI\J-Agents\workflow_code\scripts\manage_developer_workspace.py", "Python", 6, 0, 0, 0, 0, 0, 0, 1, 4, 11
"d:\code\AI\J-Agents\workflow_code\scripts\quality\check-module-readme-contract.py", "Python", 92, 0, 0, 0, 0, 0, 0, 2, 21, 115
"d:\code\AI\J-Agents\workflow_code\scripts\quality\check-prototype-text.py", "Python", 75, 0, 0, 0, 0, 0, 0, 2, 17, 94
"d:\code\AI\J-Agents\workflow_code\scripts\quality\check_crud_gate.py", "Python", 97, 0, 0, 0, 0, 0, 0, 1, 14, 112
"d:\code\AI\J-Agents\workflow_code\scripts\quality\check_layout_overflow.py", "Python", 235, 0, 0, 0, 0, 0, 0, 1, 27, 263
"d:\code\AI\J-Agents\workflow_code\scripts\quality\check_workspace_line_budget.py", "Python", 440, 0, 0, 0, 0, 0, 0, 2, 59, 501
"d:\code\AI\J-Agents\workflow_code\scripts\start_workflow_env.ps1", "PowerShell", 0, 0, 0, 0, 0, 0, 630, 0, 50, 680
"d:\code\AI\J-Agents\workflow_code\scripts\workflow_entry_cli.py", "Python", 6, 0, 0, 0, 0, 0, 0, 1, 4, 11
"d:\code\AI\J-Agents\workflow_code\scripts\workflow_env_common.ps1", "PowerShell", 0, 0, 0, 0, 0, 0, 849, 0, 95, 944
"d:\code\AI\J-Agents\workflow_code\scripts\workflow_web_server.py", "Python", 6, 0, 0, 0, 0, 0, 0, 1, 4, 11
"d:\code\AI\J-Agents\workflow_code\src\workflow_app\README.md", "Markdown", 0, 0, 11, 0, 0, 0, 0, 0, 5, 16
"d:\code\AI\J-Agents\workflow_code\src\workflow_app\__init__.py", "Python", 0, 0, 0, 0, 0, 0, 0, 1, 2, 3
"d:\code\AI\J-Agents\workflow_code\src\workflow_app\developer_workspace_cli.py", "Python", 65, 0, 0, 0, 0, 0, 0, 0, 14, 79
"d:\code\AI\J-Agents\workflow_code\src\workflow_app\entry\__init__.py", "Python", 0, 0, 0, 0, 0, 0, 0, 1, 1, 2
"d:\code\AI\J-Agents\workflow_code\src\workflow_app\entry\workflow_entry_cli.py", "Python", 584, 0, 0, 0, 0, 0, 0, 3, 96, 683
"d:\code\AI\J-Agents\workflow_code\src\workflow_app\entry\workflow_entry_summary_ops.py", "Python", 155, 0, 0, 0, 0, 0, 0, 1, 16, 172
"d:\code\AI\J-Agents\workflow_code\src\workflow_app\entry\workflow_entry_training_ops.py", "Python", 333, 0, 0, 0, 0, 0, 0, 0, 18, 351
"d:\code\AI\J-Agents\workflow_code\src\workflow_app\history\__init__.py", "Python", 0, 0, 0, 0, 0, 0, 0, 1, 1, 2
"d:\code\AI\J-Agents\workflow_code\src\workflow_app\history\workflow_history_admin.py", "Python", 291, 0, 0, 0, 0, 0, 0, 1, 40, 332
"d:\code\AI\J-Agents\workflow_code\src\workflow_app\module_parts.py", "Python", 22, 0, 0, 0, 0, 0, 0, 0, 4, 26
"d:\code\AI\J-Agents\workflow_code\src\workflow_app\runtime\__init__.py", "Python", 0, 0, 0, 0, 0, 0, 0, 1, 1, 2
"d:\code\AI\J-Agents\workflow_code\src\workflow_app\runtime\agent_runtime.py", "Python", 108, 0, 0, 0, 0, 0, 0, 8, 22, 138
"d:\code\AI\J-Agents\workflow_code\src\workflow_app\runtime\task_agent_runner.py", "Python", 506, 0, 0, 0, 0, 0, 0, 1, 69, 576
"d:\code\AI\J-Agents\workflow_code\src\workflow_app\runtime\training_center_runtime.py", "Python", 3, 0, 0, 0, 0, 0, 0, 0, 3, 6
"d:\code\AI\J-Agents\workflow_code\src\workflow_app\runtime\training_center_runtime_parts\manifest.json", "JSON", 0, 0, 0, 4, 0, 0, 0, 0, 1, 5
"d:\code\AI\J-Agents\workflow_code\src\workflow_app\runtime\training_center_runtime_parts\portrait_extraction.py", "Python", 254, 0, 0, 0, 0, 0, 0, 6, 26, 286
"d:\code\AI\J-Agents\workflow_code\src\workflow_app\runtime\training_center_runtime_parts\runtime_core.py", "Python", 656, 0, 0, 0, 0, 0, 0, 2, 88, 746
"d:\code\AI\J-Agents\workflow_code\src\workflow_app\server\README.md", "Markdown", 0, 0, 52, 0, 0, 0, 0, 0, 11, 63
"d:\code\AI\J-Agents\workflow_code\src\workflow_app\server\__init__.py", "Python", 1, 0, 0, 0, 0, 0, 0, 0, 1, 2
"d:\code\AI\J-Agents\workflow_code\src\workflow_app\server\api\README.md", "Markdown", 0, 0, 54, 0, 0, 0, 0, 0, 11, 65
"d:\code\AI\J-Agents\workflow_code\src\workflow_app\server\api\__init__.py", "Python", 1, 0, 0, 0, 0, 0, 0, 0, 1, 2
"d:\code\AI\J-Agents\workflow_code\src\workflow_app\server\api\assignments.py", "Python", 519, 0, 0, 0, 0, 0, 0, 0, 49, 568
"d:\code\AI\J-Agents\workflow_code\src\workflow_app\server\api\chat.py", "Python", 83, 0, 0, 0, 0, 0, 0, 0, 8, 91
"d:\code\AI\J-Agents\workflow_code\src\workflow_app\server\api\config.py", "Python", 132, 0, 0, 0, 0, 0, 0, 0, 13, 145
"d:\code\AI\J-Agents\workflow_code\src\workflow_app\server\api\dashboard.py", "Python", 73, 0, 0, 0, 0, 0, 0, 0, 8, 81
"d:\code\AI\J-Agents\workflow_code\src\workflow_app\server\api\defects.py", "Python", 219, 0, 0, 0, 0, 0, 0, 0, 27, 246
"d:\code\AI\J-Agents\workflow_code\src\workflow_app\server\api\legacy.py", "Python", 3, 0, 0, 0, 0, 0, 0, 1, 3, 7
"d:\code\AI\J-Agents\workflow_code\src\workflow_app\server\api\legacy_admin_handlers.py", "Python", 3, 0, 0, 0, 0, 0, 0, 1, 2, 6
"d:\code\AI\J-Agents\workflow_code\src\workflow_app\server\api\legacy_chat_handlers.py", "Python", 512, 0, 0, 0, 0, 0, 0, 2, 6, 520
"d:\code\AI\J-Agents\workflow_code\src\workflow_app\server\api\legacy_post_route_registry.py", "Python", 33, 0, 0, 0, 0, 0, 0, 0, 11, 44
"d:\code\AI\J-Agents\workflow_code\src\workflow_app\server\api\legacy_route_handlers.py", "Python", 10, 0, 0, 0, 0, 0, 0, 0, 6, 16
"d:\code\AI\J-Agents\workflow_code\src\workflow_app\server\api\legacy_task_config_handlers.py", "Python", 77, 0, 0, 0, 0, 0, 0, 0, 16, 93
"d:\code\AI\J-Agents\workflow_code\src\workflow_app\server\api\legacy_task_crud_handlers.py", "Python", 300, 0, 0, 0, 0, 0, 0, 0, 4, 304
"d:\code\AI\J-Agents\workflow_code\src\workflow_app\server\api\legacy_task_handlers.py", "Python", 67, 0, 0, 0, 0, 0, 0, 2, 11, 80
"d:\code\AI\J-Agents\workflow_code\src\workflow_app\server\api\legacy_task_policy_handlers.py", "Python", 278, 0, 0, 0, 0, 0, 0, 0, 20, 298
"d:\code\AI\J-Agents\workflow_code\src\workflow_app\server\api\legacy_task_queue_handlers.py", "Python", 358, 0, 0, 0, 0, 0, 0, 0, 24, 382
"d:\code\AI\J-Agents\workflow_code\src\workflow_app\server\api\legacy_task_reconcile_handlers.py", "Python", 47, 0, 0, 0, 0, 0, 0, 0, 4, 51
"d:\code\AI\J-Agents\workflow_code\src\workflow_app\server\api\legacy_task_session_handlers.py", "Python", 162, 0, 0, 0, 0, 0, 0, 0, 21, 183
"d:\code\AI\J-Agents\workflow_code\src\workflow_app\server\api\legacy_task_training_handlers.py", "Python", 186, 0, 0, 0, 0, 0, 0, 0, 37, 223
"d:\code\AI\J-Agents\workflow_code\src\workflow_app\server\api\legacy_task_workflow_handlers.py", "Python", 95, 0, 0, 0, 0, 0, 0, 0, 19, 114
"d:\code\AI\J-Agents\workflow_code\src\workflow_app\server\api\policy.py", "Python", 34, 0, 0, 0, 0, 0, 0, 1, 11, 46
"d:\code\AI\J-Agents\workflow_code\src\workflow_app\server\api\router.py", "Python", 84, 0, 0, 0, 0, 0, 0, 2, 20, 106
"d:\code\AI\J-Agents\workflow_code\src\workflow_app\server\api\runtime_upgrade.py", "Python", 110, 0, 0, 0, 0, 0, 0, 0, 10, 120
"d:\code\AI\J-Agents\workflow_code\src\workflow_app\server\api\schedules.py", "Python", 128, 0, 0, 0, 0, 0, 0, 0, 23, 151
"d:\code\AI\J-Agents\workflow_code\src\workflow_app\server\api\training.py", "Python", 712, 0, 0, 0, 0, 0, 0, 0, 51, 763
"d:\code\AI\J-Agents\workflow_code\src\workflow_app\server\bootstrap\README.md", "Markdown", 0, 0, 50, 0, 0, 0, 0, 0, 11, 61
"d:\code\AI\J-Agents\workflow_code\src\workflow_app\server\bootstrap\__init__.py", "Python", 1, 0, 0, 0, 0, 0, 0, 0, 2, 3
"d:\code\AI\J-Agents\workflow_code\src\workflow_app\server\bootstrap\web_server_runtime.py", "Python", 3, 0, 0, 0, 0, 0, 0, 0, 3, 6
"d:\code\AI\J-Agents\workflow_code\src\workflow_app\server\bootstrap\web_server_runtime_parts\event_persistence_and_flags.py", "Python", 845, 0, 0, 0, 0, 0, 0, 5, 104, 954
"d:\code\AI\J-Agents\workflow_code\src\workflow_app\server\bootstrap\web_server_runtime_parts\manifest.json", "JSON", 0, 0, 0, 5, 0, 0, 0, 0, 1, 6
"d:\code\AI\J-Agents\workflow_code\src\workflow_app\server\bootstrap\web_server_runtime_parts\runtime_paths_and_config.py", "Python", 766, 0, 0, 0, 0, 0, 0, 1, 139, 906
"d:\code\AI\J-Agents\workflow_code\src\workflow_app\server\bootstrap\web_server_runtime_parts\task_artifact_paths.py", "Python", 276, 0, 0, 0, 0, 0, 0, 0, 38, 314
"d:\code\AI\J-Agents\workflow_code\src\workflow_app\server\infra\README.md", "Markdown", 0, 0, 50, 0, 0, 0, 0, 0, 11, 61
"d:\code\AI\J-Agents\workflow_code\src\workflow_app\server\infra\__init__.py", "Python", 1, 0, 0, 0, 0, 0, 0, 0, 1, 2
"d:\code\AI\J-Agents\workflow_code\src\workflow_app\server\infra\audit_runtime.py", "Python", 615, 0, 0, 0, 0, 0, 0, 0, 80, 695
"d:\code\AI\J-Agents\workflow_code\src\workflow_app\server\infra\db\__init__.py", "Python", 1, 0, 0, 0, 0, 0, 0, 0, 1, 2
"d:\code\AI\J-Agents\workflow_code\src\workflow_app\server\infra\db\connection.py", "Python", 13, 0, 0, 0, 0, 0, 0, 1, 5, 19
"d:\code\AI\J-Agents\workflow_code\src\workflow_app\server\infra\db\migrations.py", "Python", 455, 0, 0, 0, 0, 0, 0, 102, 8, 565
"d:\code\AI\J-Agents\workflow_code\src\workflow_app\server\presentation\README.md", "Markdown", 0, 0, 47, 0, 0, 0, 0, 0, 11, 58
"d:\code\AI\J-Agents\workflow_code\src\workflow_app\server\presentation\__init__.py", "Python", 1, 0, 0, 0, 0, 0, 0, 0, 1, 2
"d:\code\AI\J-Agents\workflow_code\src\workflow_app\server\presentation\pages.py", "Python", 27, 0, 0, 0, 0, 0, 0, 0, 8, 35
"d:\code\AI\J-Agents\workflow_code\src\workflow_app\server\presentation\templates\index.css", "PostCSS", 0, 0, 0, 0, 0, 0, 0, 1, 1, 2
"d:\code\AI\J-Agents\workflow_code\src\workflow_app\server\presentation\templates\index.html", "HTML", 0, 0, 0, 0, 0, 1137, 0, 0, 31, 1168
"d:\code\AI\J-Agents\workflow_code\src\workflow_app\server\presentation\templates\index_css_manifest.json", "JSON", 0, 0, 0, 13, 0, 0, 0, 0, 1, 14
"d:\code\AI\J-Agents\workflow_code\src\workflow_app\server\presentation\templates\index_defect_center.css", "PostCSS", 0, 0, 0, 0, 701, 0, 0, 0, 115, 816
"d:\code\AI\J-Agents\workflow_code\src\workflow_app\server\presentation\templates\index_release_review.css", "PostCSS", 0, 0, 0, 0, 732, 0, 0, 1, 123, 856
"d:\code\AI\J-Agents\workflow_code\src\workflow_app\server\presentation\templates\index_runtime_upgrade_banner.css", "PostCSS", 0, 0, 0, 0, 335, 0, 0, 0, 53, 388
"d:\code\AI\J-Agents\workflow_code\src\workflow_app\server\presentation\templates\index_schedule_center.css", "PostCSS", 0, 0, 0, 0, 83, 0, 0, 0, 1, 84
"d:\code\AI\J-Agents\workflow_code\src\workflow_app\server\presentation\templates\index_startup_overlay.css", "PostCSS", 0, 0, 0, 0, 217, 0, 0, 0, 35, 252
"d:\code\AI\J-Agents\workflow_code\src\workflow_app\server\presentation\templates\index_training_center_cards.css", "PostCSS", 0, 0, 0, 0, 735, 0, 0, 1, 115, 851
"d:\code\AI\J-Agents\workflow_code\src\workflow_app\server\presentation\templates\index_training_center_layout.css", "PostCSS", 0, 0, 0, 0, 917, 0, 0, 1, 130, 1048
"d:\code\AI\J-Agents\workflow_code\src\workflow_app\server\presentation\templates\index_training_center_role_creation.css", "PostCSS", 0, 0, 0, 0, 1040, 0, 0, 0, 166, 1206
"d:\code\AI\J-Agents\workflow_code\src\workflow_app\server\presentation\templates\index_training_loop_dialog_shell.css", "PostCSS", 0, 0, 0, 0, 620, 0, 0, 0, 103, 723
"d:\code\AI\J-Agents\workflow_code\src\workflow_app\server\presentation\templates\index_training_loop_overview.css", "PostCSS", 0, 0, 0, 0, 991, 0, 0, 2, 187, 1180
"d:\code\AI\J-Agents\workflow_code\src\workflow_app\server\presentation\templates\index_training_loop_panels.css", "PostCSS", 0, 0, 0, 0, 823, 0, 0, 1, 132, 956
"d:\code\AI\J-Agents\workflow_code\src\workflow_app\server\services\README.md", "Markdown", 0, 0, 58, 0, 0, 0, 0, 0, 11, 69
"d:\code\AI\J-Agents\workflow_code\src\workflow_app\server\services\__init__.py", "Python", 1, 0, 0, 0, 0, 0, 0, 0, 1, 2
"d:\code\AI\J-Agents\workflow_code\src\workflow_app\server\services\agent_discovery_service.py", "Python", 592, 0, 0, 0, 0, 0, 0, 18, 26, 636
"d:\code\AI\J-Agents\workflow_code\src\workflow_app\server\services\assignment_service.py", "Python", 3, 0, 0, 0, 0, 0, 0, 0, 3, 6
"d:\code\AI\J-Agents\workflow_code\src\workflow_app\server\services\assignment_service_parts\assignment_core.py", "Python", 828, 0, 0, 0, 0, 0, 0, 174, 122, 1124
"d:\code\AI\J-Agents\workflow_code\src\workflow_app\server\services\assignment_service_parts\execution_store_and_test_graph.py", "Python", 633, 0, 0, 0, 0, 0, 0, 77, 20, 730
"d:\code\AI\J-Agents\workflow_code\src\workflow_app\server\services\assignment_service_parts\global_graph_singleton_runtime.py", "Python", 174, 0, 0, 0, 0, 0, 0, 0, 25, 199
"d:\code\AI\J-Agents\workflow_code\src\workflow_app\server\services\assignment_service_parts\graph_model_and_payloads.py", "Python", 898, 0, 0, 0, 0, 0, 0, 15, 57, 970
"d:\code\AI\J-Agents\workflow_code\src\workflow_app\server\services\assignment_service_parts\graph_queries_and_preparation.py", "Python", 823, 0, 0, 0, 0, 0, 0, 24, 23, 870
"d:\code\AI\J-Agents\workflow_code\src\workflow_app\server\services\assignment_service_parts\manifest.json", "JSON", 0, 0, 0, 18, 0, 0, 0, 0, 1, 19
"d:\code\AI\J-Agents\workflow_code\src\workflow_app\server\services\assignment_service_parts\node_lifecycle_actions.py", "Python", 503, 0, 0, 0, 0, 0, 0, 60, 15, 578
"d:\code\AI\J-Agents\workflow_code\src\workflow_app\server\services\assignment_service_parts\running_state_reconciliation.py", "Python", 173, 0, 0, 0, 0, 0, 0, 39, 10, 222
"d:\code\AI\J-Agents\workflow_code\src\workflow_app\server\services\assignment_service_parts\scheduler_and_execution_runtime.py", "Python", 864, 0, 0, 0, 0, 0, 0, 57, 22, 943
"d:\code\AI\J-Agents\workflow_code\src\workflow_app\server\services\assignment_service_parts\task_artifact_store_actions.py", "Python", 1180, 0, 0, 0, 0, 0, 0, 0, 23, 1203
"d:\code\AI\J-Agents\workflow_code\src\workflow_app\server\services\assignment_service_parts\task_artifact_store_core.py", "Python", 1085, 0, 0, 0, 0, 0, 0, 0, 151, 1236
"d:\code\AI\J-Agents\workflow_code\src\workflow_app\server\services\assignment_service_parts\task_artifact_store_execution.py", "Python", 465, 0, 0, 0, 0, 0, 0, 0, 10, 475
"d:\code\AI\J-Agents\workflow_code\src\workflow_app\server\services\assignment_service_parts\task_artifact_store_queries.py", "Python", 1117, 0, 0, 0, 0, 0, 0, 0, 72, 1189
"d:\code\AI\J-Agents\workflow_code\src\workflow_app\server\services\assignment_service_parts\task_artifact_store_run_runtime.py", "Python", 998, 0, 0, 0, 0, 0, 0, 0, 40, 1038
"d:\code\AI\J-Agents\workflow_code\src\workflow_app\server\services\assignment_service_parts\task_artifact_store_runtime_metrics.py", "Python", 172, 0, 0, 0, 0, 0, 0, 13, 7, 192
"d:\code\AI\J-Agents\workflow_code\src\workflow_app\server\services\assignment_service_parts\task_artifact_store_test_bootstrap.py", "Python", 203, 0, 0, 0, 0, 0, 0, 0, 5, 208
"d:\code\AI\J-Agents\workflow_code\src\workflow_app\server\services\assignment_service_parts\workspace_state_and_metrics.py", "Python", 870, 0, 0, 0, 0, 0, 0, 96, 98, 1064
"d:\code\AI\J-Agents\workflow_code\src\workflow_app\server\services\chat_session_runtime.py", "Python", 3, 0, 0, 0, 0, 0, 0, 0, 3, 6
"d:\code\AI\J-Agents\workflow_code\src\workflow_app\server\services\chat_session_runtime_parts\manifest.json", "JSON", 0, 0, 0, 4, 0, 0, 0, 0, 1, 5
"d:\code\AI\J-Agents\workflow_code\src\workflow_app\server\services\chat_session_runtime_parts\session_message_store.py", "Python", 396, 0, 0, 0, 0, 0, 0, 0, 54, 450
"d:\code\AI\J-Agents\workflow_code\src\workflow_app\server\services\chat_session_runtime_parts\session_policy_tasks.py", "Python", 161, 0, 0, 0, 0, 0, 0, 0, 14, 175
"d:\code\AI\J-Agents\workflow_code\src\workflow_app\server\services\codex_exec_monitor.py", "Python", 186, 0, 0, 0, 0, 0, 0, 1, 19, 206
"d:\code\AI\J-Agents\workflow_code\src\workflow_app\server\services\codex_failure_contract.py", "Python", 353, 0, 0, 0, 0, 0, 0, 0, 40, 393
"d:\code\AI\J-Agents\workflow_code\src\workflow_app\server\services\defect_service.py", "Python", 538, 0, 0, 0, 0, 0, 0, 672, 85, 1295
"d:\code\AI\J-Agents\workflow_code\src\workflow_app\server\services\defect_service_prejudge.py", "Python", 91, 0, 0, 0, 0, 0, 0, 0, 17, 108
"d:\code\AI\J-Agents\workflow_code\src\workflow_app\server\services\defect_service_record_commands.py", "Python", 350, 0, 0, 0, 0, 0, 0, 7, 15, 372
"d:\code\AI\J-Agents\workflow_code\src\workflow_app\server\services\defect_service_task_commands.py", "Python", 1101, 0, 0, 0, 0, 0, 0, 17, 66, 1184
"d:\code\AI\J-Agents\workflow_code\src\workflow_app\server\services\developer_workspace_service.py", "Python", 626, 0, 0, 0, 0, 0, 0, 0, 73, 699
"d:\code\AI\J-Agents\workflow_code\src\workflow_app\server\services\policy_analysis.py", "Python", 375, 0, 0, 0, 0, 0, 0, 7, 38, 420
"d:\code\AI\J-Agents\workflow_code\src\workflow_app\server\services\policy_contract_runtime.py", "Python", 3, 0, 0, 0, 0, 0, 0, 0, 3, 6
"d:\code\AI\J-Agents\workflow_code\src\workflow_app\server\services\policy_contract_runtime_parts\manifest.json", "JSON", 0, 0, 0, 4, 0, 0, 0, 0, 1, 5
"d:\code\AI\J-Agents\workflow_code\src\workflow_app\server\services\policy_contract_runtime_parts\markdown_contract_parser.py", "Python", 429, 0, 0, 0, 0, 0, 0, 0, 53, 482
"d:\code\AI\J-Agents\workflow_code\src\workflow_app\server\services\policy_contract_runtime_parts\policy_contract_analysis.py", "Python", 536, 0, 0, 0, 0, 0, 0, 6, 41, 583
"d:\code\AI\J-Agents\workflow_code\src\workflow_app\server\services\policy_fallback_service.py", "Python", 755, 0, 0, 0, 0, 0, 0, 0, 52, 807
"d:\code\AI\J-Agents\workflow_code\src\workflow_app\server\services\policy_session_runtime.py", "Python", 3, 0, 0, 0, 0, 0, 0, 0, 3, 6
"d:\code\AI\J-Agents\workflow_code\src\workflow_app\server\services\policy_session_runtime_parts\manifest.json", "JSON", 0, 0, 0, 4, 0, 0, 0, 0, 1, 5
"d:\code\AI\J-Agents\workflow_code\src\workflow_app\server\services\policy_session_runtime_parts\policy_recommendation_runtime.py", "Python", 802, 0, 0, 0, 0, 0, 0, 0, 56, 858
"d:\code\AI\J-Agents\workflow_code\src\workflow_app\server\services\policy_session_runtime_parts\policy_snapshot_runtime.py", "Python", 351, 0, 0, 0, 0, 0, 0, 0, 26, 377
"d:\code\AI\J-Agents\workflow_code\src\workflow_app\server\services\release_management_service.py", "Python", 3, 0, 0, 0, 0, 0, 0, 0, 3, 6
"d:\code\AI\J-Agents\workflow_code\src\workflow_app\server\services\release_management_service_parts\manifest.json", "JSON", 0, 0, 0, 7, 0, 0, 0, 0, 1, 8
"d:\code\AI\J-Agents\workflow_code\src\workflow_app\server\services\release_management_service_parts\release_confirmation.py", "Python", 552, 0, 0, 0, 0, 0, 0, 0, 26, 578
"d:\code\AI\J-Agents\workflow_code\src\workflow_app\server\services\release_management_service_parts\release_publish_runtime.py", "Python", 698, 0, 0, 0, 0, 0, 0, 58, 46, 802
"d:\code\AI\J-Agents\workflow_code\src\workflow_app\server\services\release_management_service_parts\release_review_core.py", "Python", 681, 0, 0, 0, 0, 0, 0, 0, 90, 771
"d:\code\AI\J-Agents\workflow_code\src\workflow_app\server\services\release_management_service_parts\release_review_execution.py", "Python", 740, 0, 0, 0, 0, 0, 0, 0, 55, 795
"d:\code\AI\J-Agents\workflow_code\src\workflow_app\server\services\release_management_service_parts\release_review_lifecycle.py", "Python", 763, 0, 0, 0, 0, 0, 0, 37, 35, 835
"d:\code\AI\J-Agents\workflow_code\src\workflow_app\server\services\role_creation_service.py", "Python", 3, 0, 0, 0, 0, 0, 0, 0, 3, 6
"d:\code\AI\J-Agents\workflow_code\src\workflow_app\server\services\role_creation_service_parts\analyst_bridge.py", "Python", 521, 0, 0, 0, 0, 0, 0, 0, 36, 557
"d:\code\AI\J-Agents\workflow_code\src\workflow_app\server\services\role_creation_service_parts\core_and_storage.py", "Python", 578, 0, 0, 0, 0, 0, 0, 64, 62, 704
"d:\code\AI\J-Agents\workflow_code\src\workflow_app\server\services\role_creation_service_parts\manifest.json", "JSON", 0, 0, 0, 9, 0, 0, 0, 0, 1, 10
"d:\code\AI\J-Agents\workflow_code\src\workflow_app\server\services\role_creation_service_parts\role_creation_message_runtime.py", "Python", 688, 0, 0, 0, 0, 0, 0, 9, 28, 725
"d:\code\AI\J-Agents\workflow_code\src\workflow_app\server\services\role_creation_service_parts\session_commands.py", "Python", 1020, 0, 0, 0, 0, 0, 0, 32, 28, 1080
"d:\code\AI\J-Agents\workflow_code\src\workflow_app\server\services\role_creation_service_parts\session_queries_and_internal_tasks.py", "Python", 721, 0, 0, 0, 0, 0, 0, 27, 36, 784
"d:\code\AI\J-Agents\workflow_code\src\workflow_app\server\services\role_creation_service_parts\spec_and_reply_builder.py", "Python", 1337, 0, 0, 0, 0, 0, 0, 8, 100, 1445
"d:\code\AI\J-Agents\workflow_code\src\workflow_app\server\services\role_creation_service_parts\workspace_and_projection.py", "Python", 636, 0, 0, 0, 0, 0, 0, 34, 50, 720
"d:\code\AI\J-Agents\workflow_code\src\workflow_app\server\services\runtime_upgrade_service.py", "Python", 576, 0, 0, 0, 0, 0, 0, 0, 95, 671
"d:\code\AI\J-Agents\workflow_code\src\workflow_app\server\services\schedule_service.py", "Python", 1307, 0, 0, 0, 0, 0, 0, 124, 126, 1557
"d:\code\AI\J-Agents\workflow_code\src\workflow_app\server\services\session_orchestration.py", "Python", 777, 0, 0, 0, 0, 0, 0, 0, 33, 810
"d:\code\AI\J-Agents\workflow_code\src\workflow_app\server\services\task_orchestration.py", "Python", 707, 0, 0, 0, 0, 0, 0, 0, 71, 778
"d:\code\AI\J-Agents\workflow_code\src\workflow_app\server\services\trainer_assignment_service.py", "Python", 70, 0, 0, 0, 0, 0, 0, 0, 11, 81
"d:\code\AI\J-Agents\workflow_code\src\workflow_app\server\services\training_loop_service.py", "Python", 3, 0, 0, 0, 0, 0, 0, 0, 3, 6
"d:\code\AI\J-Agents\workflow_code\src\workflow_app\server\services\training_loop_service_parts\loop_round_rollback.py", "Python", 142, 0, 0, 0, 0, 0, 0, 8, 8, 158
"d:\code\AI\J-Agents\workflow_code\src\workflow_app\server\services\training_loop_service_parts\loop_round_runtime.py", "Python", 1074, 0, 0, 0, 0, 0, 0, 31, 56, 1161
"d:\code\AI\J-Agents\workflow_code\src\workflow_app\server\services\training_loop_service_parts\loop_state_store.py", "Python", 201, 0, 0, 0, 0, 0, 0, 262, 24, 487
"d:\code\AI\J-Agents\workflow_code\src\workflow_app\server\services\training_loop_service_parts\manifest.json", "JSON", 0, 0, 0, 5, 0, 0, 0, 0, 1, 6
"d:\code\AI\J-Agents\workflow_code\src\workflow_app\server\services\training_plan_service.py", "Python", 3, 0, 0, 0, 0, 0, 0, 0, 3, 6
"d:\code\AI\J-Agents\workflow_code\src\workflow_app\server\services\training_plan_service_parts\manifest.json", "JSON", 0, 0, 0, 4, 0, 0, 0, 0, 1, 5
"d:\code\AI\J-Agents\workflow_code\src\workflow_app\server\services\training_plan_service_parts\queue_execution_runtime.py", "Python", 275, 0, 0, 0, 0, 0, 0, 86, 15, 376
"d:\code\AI\J-Agents\workflow_code\src\workflow_app\server\services\training_plan_service_parts\queue_management.py", "Python", 599, 0, 0, 0, 0, 0, 0, 61, 45, 705
"d:\code\AI\J-Agents\workflow_code\src\workflow_app\server\services\training_registry_service.py", "Python", 3, 0, 0, 0, 0, 0, 0, 0, 3, 6
"d:\code\AI\J-Agents\workflow_code\src\workflow_app\server\services\training_registry_service_parts\manifest.json", "JSON", 0, 0, 0, 4, 0, 0, 0, 0, 1, 5
"d:\code\AI\J-Agents\workflow_code\src\workflow_app\server\services\training_registry_service_parts\registry_release_assets.py", "Python", 469, 0, 0, 0, 0, 0, 0, 38, 27, 534
"d:\code\AI\J-Agents\workflow_code\src\workflow_app\server\services\training_registry_service_parts\registry_sync_and_overview.py", "Python", 483, 0, 0, 0, 0, 0, 0, 99, 31, 613
"d:\code\AI\J-Agents\workflow_code\src\workflow_app\server\services\training_workflow.py", "Python", 538, 0, 0, 0, 0, 0, 0, 0, 41, 579
"d:\code\AI\J-Agents\workflow_code\src\workflow_app\server\services\training_workflow_execution_service.py", "Python", 720, 0, 0, 0, 0, 0, 0, 0, 22, 742
"d:\code\AI\J-Agents\workflow_code\src\workflow_app\server\services\work_record_store.py", "Python", 3, 0, 0, 0, 0, 0, 0, 0, 0, 3
"d:\code\AI\J-Agents\workflow_code\src\workflow_app\server\services\work_record_store_index.py", "Python", 3, 0, 0, 0, 0, 0, 0, 0, 4, 7
"d:\code\AI\J-Agents\workflow_code\src\workflow_app\server\services\work_record_store_index_parts\index_core_and_schema.py", "Python", 259, 0, 0, 0, 0, 0, 0, 263, 59, 581
"d:\code\AI\J-Agents\workflow_code\src\workflow_app\server\services\work_record_store_index_parts\manifest.json", "JSON", 0, 0, 0, 6, 0, 0, 0, 0, 1, 7
"d:\code\AI\J-Agents\workflow_code\src\workflow_app\server\services\work_record_store_index_parts\query_accessors.py", "Python", 241, 0, 0, 0, 0, 0, 0, 67, 29, 337
"d:\code\AI\J-Agents\workflow_code\src\workflow_app\server\services\work_record_store_index_parts\session_and_analysis_sync.py", "Python", 180, 0, 0, 0, 0, 0, 0, 26, 9, 215
"d:\code\AI\J-Agents\workflow_code\src\workflow_app\server\services\work_record_store_index_parts\task_and_system_sync.py", "Python", 773, 0, 0, 0, 0, 0, 0, 66, 61, 900
"d:\code\AI\J-Agents\workflow_code\src\workflow_app\server\services\work_record_store_migration.py", "Python", 349, 0, 0, 0, 0, 0, 0, 10, 27, 386
"d:\code\AI\J-Agents\workflow_code\src\workflow_app\server\services\work_record_store_parts\analysis_records.py", "Python", 298, 0, 0, 0, 0, 0, 0, 0, 43, 341
"d:\code\AI\J-Agents\workflow_code\src\workflow_app\server\services\work_record_store_parts\manifest.json", "JSON", 0, 0, 0, 6, 0, 0, 0, 0, 1, 7
"d:\code\AI\J-Agents\workflow_code\src\workflow_app\server\services\work_record_store_parts\session_records.py", "Python", 197, 0, 0, 0, 0, 0, 0, 0, 29, 226
"d:\code\AI\J-Agents\workflow_code\src\workflow_app\server\services\work_record_store_parts\store_core_and_paths.py", "Python", 298, 0, 0, 0, 0, 0, 0, 0, 138, 436
"d:\code\AI\J-Agents\workflow_code\src\workflow_app\server\services\work_record_store_parts\task_run_records.py", "Python", 224, 0, 0, 0, 0, 0, 0, 0, 25, 249
"d:\code\AI\J-Agents\workflow_code\src\workflow_app\server\services\work_record_store_system.py", "Python", 165, 0, 0, 0, 0, 0, 0, 0, 45, 210
"d:\code\AI\J-Agents\workflow_code\src\workflow_app\web_client\README.md", "Markdown", 0, 0, 69, 0, 0, 0, 0, 0, 11, 80
"d:\code\AI\J-Agents\workflow_code\src\workflow_app\web_client\app_navigation_and_event_binding.js", "JavaScript", 0, 834, 0, 0, 0, 0, 0, 1, 7, 842
"d:\code\AI\J-Agents\workflow_code\src\workflow_app\web_client\app_policy_state_cache.js", "JavaScript", 0, 354, 0, 0, 0, 0, 0, 5, 17, 376
"d:\code\AI\J-Agents\workflow_code\src\workflow_app\web_client\app_runtime_controls.js", "JavaScript", 0, 327, 0, 0, 0, 0, 0, 0, 5, 332
"d:\code\AI\J-Agents\workflow_code\src\workflow_app\web_client\app_runtime_state_helpers.js", "JavaScript", 0, 812, 0, 0, 0, 0, 0, 3, 66, 881
"d:\code\AI\J-Agents\workflow_code\src\workflow_app\web_client\app_shell_and_bootstrap.js", "JavaScript", 0, 0, 0, 0, 0, 0, 0, 3, 1, 4
"d:\code\AI\J-Agents\workflow_code\src\workflow_app\web_client\app_state_and_utils.js", "JavaScript", 0, 0, 0, 0, 0, 0, 0, 3, 1, 4
"d:\code\AI\J-Agents\workflow_code\src\workflow_app\web_client\app_status_and_icon_utils.js", "JavaScript", 0, 832, 0, 0, 0, 0, 0, 6, 55, 893
"d:\code\AI\J-Agents\workflow_code\src\workflow_app\web_client\assignment_center.js", "JavaScript", 0, 0, 0, 0, 0, 0, 0, 4, 1, 5
"d:\code\AI\J-Agents\workflow_code\src\workflow_app\web_client\assignment_center_events.js", "JavaScript", 0, 814, 0, 0, 0, 0, 0, 0, 41, 855
"d:\code\AI\J-Agents\workflow_code\src\workflow_app\web_client\assignment_center_execution_runtime.js", "JavaScript", 0, 601, 0, 0, 0, 0, 0, 2, 36, 639
"d:\code\AI\J-Agents\workflow_code\src\workflow_app\web_client\assignment_center_render_runtime.js", "JavaScript", 0, 836, 0, 0, 0, 0, 0, 1, 43, 880
"d:\code\AI\J-Agents\workflow_code\src\workflow_app\web_client\assignment_center_state_helpers.js", "JavaScript", 0, 972, 0, 0, 0, 0, 0, 3, 55, 1030
"d:\code\AI\J-Agents\workflow_code\src\workflow_app\web_client\bundle_manifest.json", "JSON", 0, 0, 0, 53, 0, 0, 0, 0, 1, 54
"d:\code\AI\J-Agents\workflow_code\src\workflow_app\web_client\codex_failure_card_helpers.js", "JavaScript", 0, 271, 0, 0, 0, 0, 0, 0, 13, 284
"d:\code\AI\J-Agents\workflow_code\src\workflow_app\web_client\codex_failure_normalize_bootstrap.js", "JavaScript", 0, 45, 0, 0, 0, 0, 0, 0, 1, 46
"d:\code\AI\J-Agents\workflow_code\src\workflow_app\web_client\defect_center_events.js", "JavaScript", 0, 411, 0, 0, 0, 0, 0, 0, 13, 424
"d:\code\AI\J-Agents\workflow_code\src\workflow_app\web_client\defect_center_render_runtime.js", "JavaScript", 0, 809, 0, 0, 0, 0, 0, 0, 45, 854
"d:\code\AI\J-Agents\workflow_code\src\workflow_app\web_client\defect_center_state_helpers.js", "JavaScript", 0, 243, 0, 0, 0, 0, 0, 0, 27, 270
"d:\code\AI\J-Agents\workflow_code\src\workflow_app\web_client\policy_confirm_and_interactions.js", "JavaScript", 0, 1066, 0, 0, 0, 0, 0, 0, 40, 1106
"d:\code\AI\J-Agents\workflow_code\src\workflow_app\web_client\policy_gate_and_cache.js", "JavaScript", 0, 0, 0, 0, 0, 0, 0, 3, 1, 4
"d:\code\AI\J-Agents\workflow_code\src\workflow_app\web_client\policy_gate_and_session_core.js", "JavaScript", 0, 0, 0, 0, 0, 0, 0, 3, 1, 4
"d:\code\AI\J-Agents\workflow_code\src\workflow_app\web_client\policy_gate_render_helpers.js", "JavaScript", 0, 739, 0, 0, 0, 0, 0, 3, 39, 781
"d:\code\AI\J-Agents\workflow_code\src\workflow_app\web_client\policy_gate_runtime.js", "JavaScript", 0, 335, 0, 0, 0, 0, 0, 0, 11, 346
"d:\code\AI\J-Agents\workflow_code\src\workflow_app\web_client\policy_session_actions.js", "JavaScript", 0, 797, 0, 0, 0, 0, 0, 0, 19, 816
"d:\code\AI\J-Agents\workflow_code\src\workflow_app\web_client\policy_session_gate_state.js", "JavaScript", 0, 323, 0, 0, 0, 0, 0, 0, 5, 328
"d:\code\AI\J-Agents\workflow_code\src\workflow_app\web_client\runtime_upgrade_banner.js", "JavaScript", 0, 931, 0, 0, 0, 0, 0, 0, 61, 992
"d:\code\AI\J-Agents\workflow_code\src\workflow_app\web_client\schedule_center_events.js", "JavaScript", 0, 677, 0, 0, 0, 0, 0, 0, 36, 713
"d:\code\AI\J-Agents\workflow_code\src\workflow_app\web_client\schedule_center_render_runtime.js", "JavaScript", 0, 435, 0, 0, 0, 0, 0, 0, 15, 450
"d:\code\AI\J-Agents\workflow_code\src\workflow_app\web_client\schedule_center_state_helpers.js", "JavaScript", 0, 202, 0, 0, 0, 0, 0, 0, 22, 224
"d:\code\AI\J-Agents\workflow_code\src\workflow_app\web_client\session_and_agent_meta.js", "JavaScript", 0, 0, 0, 0, 0, 0, 0, 3, 1, 4
"d:\code\AI\J-Agents\workflow_code\src\workflow_app\web_client\session_policy_card_helpers.js", "JavaScript", 0, 599, 0, 0, 0, 0, 0, 0, 37, 636
"d:\code\AI\J-Agents\workflow_code\src\workflow_app\web_client\session_policy_confirm_actions.js", "JavaScript", 0, 307, 0, 0, 0, 0, 0, 2, 11, 320
"d:\code\AI\J-Agents\workflow_code\src\workflow_app\web_client\session_policy_confirm_helpers.js", "JavaScript", 0, 747, 0, 0, 0, 0, 0, 1, 28, 776
"d:\code\AI\J-Agents\workflow_code\src\workflow_app\web_client\training_center_actions_and_probe.js", "JavaScript", 0, 936, 0, 0, 0, 0, 0, 2, 16, 954
"d:\code\AI\J-Agents\workflow_code\src\workflow_app\web_client\training_center_actions_runtime.js", "JavaScript", 0, 302, 0, 0, 0, 0, 0, 1, 17, 320
"d:\code\AI\J-Agents\workflow_code\src\workflow_app\web_client\training_center_agent_catalog.js", "JavaScript", 0, 911, 0, 0, 0, 0, 0, 2, 50, 963
"d:\code\AI\J-Agents\workflow_code\src\workflow_app\web_client\training_center_agent_context.js", "JavaScript", 0, 423, 0, 0, 0, 0, 0, 1, 14, 438
"d:\code\AI\J-Agents\workflow_code\src\workflow_app\web_client\training_center_and_bootstrap.js", "JavaScript", 0, 0, 0, 0, 0, 0, 0, 7, 1, 8
"d:\code\AI\J-Agents\workflow_code\src\workflow_app\web_client\training_center_loop_core.js", "JavaScript", 0, 712, 0, 0, 0, 0, 0, 1, 50, 763
"d:\code\AI\J-Agents\workflow_code\src\workflow_app\web_client\training_center_loop_create_dialog.js", "JavaScript", 0, 629, 0, 0, 0, 0, 0, 1, 17, 647
"d:\code\AI\J-Agents\workflow_code\src\workflow_app\web_client\training_center_loop_views.js", "JavaScript", 0, 1075, 0, 0, 0, 0, 0, 1, 35, 1111
"d:\code\AI\J-Agents\workflow_code\src\workflow_app\web_client\training_center_queue_runtime.js", "JavaScript", 0, 274, 0, 0, 0, 0, 0, 1, 23, 298
"d:\code\AI\J-Agents\workflow_code\src\workflow_app\web_client\training_center_release_review.js", "JavaScript", 0, 0, 0, 0, 0, 0, 0, 4, 1, 5
"d:\code\AI\J-Agents\workflow_code\src\workflow_app\web_client\training_center_release_review_progress.js", "JavaScript", 0, 392, 0, 0, 0, 0, 0, 2, 20, 414
"d:\code\AI\J-Agents\workflow_code\src\workflow_app\web_client\training_center_release_review_render.js", "JavaScript", 0, 415, 0, 0, 0, 0, 0, 1, 14, 430
"d:\code\AI\J-Agents\workflow_code\src\workflow_app\web_client\training_center_release_review_report.js", "JavaScript", 0, 716, 0, 0, 0, 0, 0, 1, 39, 756
"d:\code\AI\J-Agents\workflow_code\src\workflow_app\web_client\training_center_role_creation.js", "JavaScript", 0, 1298, 0, 0, 0, 0, 0, 1, 40, 1339
"d:\code\AI\J-Agents\workflow_code\src\workflow_app\web_client\training_center_role_creation_runtime.js", "JavaScript", 0, 792, 0, 0, 0, 0, 0, 1, 59, 852
"d:\code\AI\J-Agents\workflow_code\src\workflow_app\web_client\workflow_queue_and_batch.js", "JavaScript", 0, 0, 0, 0, 0, 0, 0, 3, 1, 4
"d:\code\AI\J-Agents\workflow_code\src\workflow_app\web_client\workflow_queue_batch_runtime.js", "JavaScript", 0, 765, 0, 0, 0, 0, 0, 0, 37, 802
"d:\code\AI\J-Agents\workflow_code\src\workflow_app\web_client\workflow_queue_selection_core.js", "JavaScript", 0, 448, 0, 0, 0, 0, 0, 0, 26, 474
"d:\code\AI\J-Agents\workflow_code\src\workflow_app\web_client\workflow_runtime_controls.js", "JavaScript", 0, 253, 0, 0, 0, 0, 0, 1, 11, 265
"d:\code\AI\J-Agents\workflow_code\src\workflow_app\workflow_web_client.js", "JavaScript", 0, 3, 0, 0, 0, 0, 0, 2, 1, 6
"d:\code\AI\J-Agents\workflow_code\src\workflow_app\workflow_web_server.py", "Python", 5, 0, 0, 0, 0, 0, 0, 3, 4, 12
"Total", "-", 68016, 26141, 451, 146, 7194, 1549, 2050, 3162, 9061, 117770